timestamp,total_users,problems_checked,problems_failed,total_problems
2026-01-29 21:11:13.608232,5706,75,0,75
2026-01-29 21:12:25.207147,5736,75,0,75
2026-01-29 21:21:49.990241,5797,75,0,75
2026-01-29 21:26:07.950140,5797,75,0,75
2026-01-29 21:45:29.842525,5968,75,0,75
2026-01-30 04:53:12.645588,0,0,75,75
2026-01-30 06:01:17.709793,0,0,75,75
2026-01-30 07:06:02.704612,0,0,75,75
2026-01-30 07:53:11.040062,0,0,75,75
2026-01-30 08:54:08.225028,0,0,75,75
2026-01-30 09:52:50.166778,0,0,75,75
2026-01-30 10:49:38.052780,0,0,75,75
2026-01-30 11:42:17.039679,0,0,75,75
2026-01-30 13:14:15.824338,0,0,75,75
2026-01-30 14:48:29.511797,0,0,75,75
2026-01-30 15:49:19.954768,0,0,75,75
2026-01-30 16:53:53.664062,0,0,75,75
2026-01-30 17:46:54.620760,0,0,75,75
2026-01-30 19:00:06.587991,0,0,75,75
2026-01-30 19:45:23.825119,0,0,75,75
2026-01-30 20:45:45.372810,0,0,75,75
2026-01-30 21:41:32.226464,0,0,75,75
2026-01-30 22:40:14.519062,0,0,75,75
2026-01-30 23:39:35.360619,0,0,75,75
2026-01-31 02:30:56.178286,0,0,75,75
2026-01-31 04:37:04.337254,0,0,75,75
2026-01-31 05:51:13.967232,0,0,75,75
2026-01-31 06:56:04.915756,0,0,75,75
2026-01-31 07:42:13.604320,0,0,75,75
2026-01-31 08:45:50.590810,0,0,75,75
2026-01-31 09:42:37.228542,0,0,75,75
2026-01-31 10:39:30.322373,0,0,75,75
2026-01-31 11:34:20.742478,0,0,75,75
2026-01-31 13:06:04.161456,0,0,75,75
2026-01-31 13:54:25.696371,0,0,75,75
2026-01-31 14:38:24.578364,0,0,75,75
2026-01-31 15:37:48.729353,0,0,75,75
2026-01-31 16:44:12.895334,0,0,75,75
